ID,Metodo,Backbone,Input,Aug,Epocas,Params,s_epoc,F1_val,AUC_val,F1_test,BalAcc,AUC_enf,Rec_enf_argmax,Esp_argmax,tau,Rec_val_tau,Esp_val_tau,Rec_enf_tau,Rec_IC_lo,Rec_IC_hi,Esp_tau,Rec_ext_tau,Esp_ext_tau,n_ext,f1_cbb,f1_cbsd,f1_cgm,f1_cmd,f1_healthy
E1,transfer learning (cabeza),mobilenetv2_100,224.0,no,17.0,2230277,55.8,0.6005922318950414,0.9024505792669797,0.6164737499808867,0.62,0.8450694444444444,0.9125,0.6166666666666667,0.38,0.9532710280373832,0.5268817204301075,0.9208333333333333,0.8796714718719179,0.9487351658798029,0.5333333333333333,0.9669540229885057,0.5892857142857143,752,0.6050420168067226,0.5504587155963303,0.6140350877192983,0.6857142857142857,0.6271186440677966
E2,transfer learning (cabeza),mobilenetv2_100,224.0,si,16.0,2230277,43.6,0.5960965205911932,0.8958755042565715,0.5987905307435003,0.61,0.8444444444444444,0.8875,0.65,0.44,0.951935914552737,0.5053763440860215,0.9125,0.8699439436313522,0.9420586022837009,0.5166666666666667,0.9683908045977011,0.6071428571428571,752,0.6451612903225806,0.45161290322580644,0.5981308411214953,0.68,0.6190476190476191
E3,transfer learning (cabeza),tf_efficientnet_b7.ra_in1k,600.0,no,9.0,63799765,616.5,0.6251337840903058,0.9189744031468481,0.6208731226226352,0.6300000000000001,0.8515277777777778,0.9125,0.5,0.38,0.951935914552737,0.5268817204301075,0.9208333333333333,0.8796714718719179,0.9487351658798029,0.45,0.9755747126436781,0.5357142857142857,752,0.6229508196721312,0.56,0.660377358490566,0.7204968944099379,0.5405405405405406
E4,transfer learning (cabeza),tf_efficientnet_b7.ra_in1k,600.0,si,9.0,63799765,625.7,0.6312393302525687,0.9269707279957505,0.6235045858484212,0.6333333333333333,0.8565277777777778,0.9375,0.5333333333333333,0.31,0.951935914552737,0.5806451612903226,0.9291666666666667,0.8895022909855278,0.9553084386028606,0.5833333333333334,0.9755747126436781,0.6071428571428571,752,0.6212121212121212,0.5154639175257731,0.6666666666666666,0.7160493827160493,0.5981308411214953
E5a,MV2 cabeza (antes FT),mobilenetv2_100,224.0,no,17.0,2230277,55.8,0.6005922318950414,0.9024505792669797,0.6164737499808867,0.62,0.8450694444444444,0.9125,0.6166666666666667,0.38,0.9532710280373832,0.5268817204301075,0.9208333333333333,0.8796714718719179,0.9487351658798029,0.5333333333333333,0.9669540229885057,0.5892857142857143,752,0.6050420168067226,0.5504587155963303,0.6140350877192983,0.6857142857142857,0.6271186440677966
E5b,MV2 fine-tuning (despues),mobilenetv2_100,224.0,si,12.0,1990917,48.1,0.6453184884427807,0.9380536055242115,0.6501906531622428,0.6533333333333333,0.8450000000000001,0.8875,0.5666666666666667,0.39,0.9506008010680908,0.6451612903225806,0.8958333333333334,0.8507508797916045,0.9284434824501132,0.6,0.9669540229885057,0.6071428571428571,752,0.6153846153846154,0.616822429906542,0.6991869918699187,0.7575757575757576,0.5619834710743802
E6_mobilenetv2,RandomForest,mobilenetv2_100,,-,,500,,0.5331421937447638,0.8720803365060223,0.49265088421098646,0.5033333333333333,0.8092708333333332,0.9708333333333333,0.3,0.27,0.9586114819759679,0.34408602150537637,0.9458333333333333,0.9095437953410447,0.9680751179206791,0.4166666666666667,0.978448275862069,0.4642857142857143,752,0.5,0.5072463768115942,0.4888888888888889,0.5435897435897435,0.4235294117647059
E7_mobilenetv2,SVM RBF,mobilenetv2_100,,-,,2639,,0.6213867649326072,0.8930330045795829,0.48535765635921757,0.5,0.8101388888888889,0.8791666666666667,0.45,0.32,0.9546061415220294,0.5483870967741935,0.8708333333333333,0.8224911734941868,0.9074909132375276,0.5666666666666667,0.9612068965517241,0.625,752,0.3953488372093023,0.5471698113207547,0.46153846153846156,0.5572139303482587,0.46551724137931033
E8_mobilenetv2,XGBoost,mobilenetv2_100,,-,,300,,0.5908548486277697,0.9024649353259543,0.5387786708674309,0.5466666666666666,0.8102083333333334,0.9208333333333333,0.43333333333333335,0.36000000000000004,0.9532710280373832,0.4946236559139785,0.9083333333333333,0.8651148636418499,0.9386856363548693,0.48333333333333334,0.9741379310344828,0.5892857142857143,752,0.5306122448979592,0.5454545454545454,0.5319148936170213,0.5906735751295337,0.49523809523809526
E9_mobilenetv2,MLP (red sobre embeddings),mobilenetv2_100,,-,,329221,,0.6389038526538515,0.9120834948389966,0.5260158925318091,0.5366666666666667,0.7818055555555555,0.8791666666666667,0.4666666666666667,0.42000000000000004,0.9506008010680908,0.5913978494623656,0.875,0.8271629475389599,0.9110211851110883,0.48333333333333334,0.9454022988505747,0.625,752,0.5436893203883495,0.5148514851485149,0.4842105263157895,0.6086956521739131,0.47863247863247865
E6_efficientnet,RandomForest,tf_efficientnet_b7.ra_in1k,,-,,500,,0.611754854495115,0.8825817936460083,0.5297539360448803,0.5466666666666666,0.8080208333333334,0.9458333333333333,0.2833333333333333,0.27,0.9586114819759679,0.3655913978494624,0.925,0.8845730571258335,0.9520356265442214,0.4166666666666667,0.978448275862069,0.4642857142857143,752,0.5555555555555556,0.5578231292517006,0.5319148936170213,0.6256983240223464,0.37777777777777777
E7_efficientnet,SVM RBF,tf_efficientnet_b7.ra_in1k,,-,,2564,,0.6280771371455518,0.9186011456135061,0.5657753750243522,0.5766666666666667,0.8509027777777779,0.8916666666666667,0.5,0.38,0.9532710280373832,0.5053763440860215,0.9083333333333333,0.8651148636418499,0.9386856363548693,0.5,0.978448275862069,0.5892857142857143,752,0.5833333333333334,0.5084745762711864,0.5416666666666666,0.6781609195402298,0.5172413793103449
E8_efficientnet,XGBoost,tf_efficientnet_b7.ra_in1k,,-,,300,,0.6159662725642033,0.9102602753492111,0.5727436576073897,0.5833333333333334,0.8390277777777778,0.9041666666666667,0.5,0.43,0.9506008010680908,0.4946236559139785,0.9083333333333333,0.8651148636418499,0.9386856363548693,0.5,0.9813218390804598,0.5357142857142857,752,0.5494505494505495,0.532258064516129,0.5806451612903226,0.6703910614525139,0.5309734513274337
E9_efficientnet,MLP (red sobre embeddings),tf_efficientnet_b7.ra_in1k,,-,,656901,,0.6144232716678145,0.918658569849405,0.6283855275159623,0.6333333333333333,0.8602777777777777,0.8666666666666667,0.6333333333333333,0.53,0.951935914552737,0.5268817204301075,0.9208333333333333,0.8796714718719179,0.9487351658798029,0.5,0.9655172413793104,0.6071428571428571,752,0.5454545454545454,0.5391304347826087,0.6727272727272727,0.8,0.5846153846153846
ENS,Ensamble (E5b+E4+E3),E5b+E4+E3,,-,,,,0.6971936968432872,0.9443702714730752,0.6676169829018841,0.6733333333333333,0.8759722222222223,0.9166666666666666,0.6,0.33,0.951935914552737,0.6344086021505376,0.9125,0.8699439436313522,0.9420586022837009,0.65,0.9727011494252874,0.6964285714285714,752,0.6333333333333333,0.6213592233009708,0.7027027027027027,0.76,0.6206896551724138
E5b_TTA,MV2 fine-tuning + TTA,mobilenetv2_100,224.0,si,,,,0.649539788733142,0.9357422800292864,0.6610978999525886,0.6633333333333333,0.8478472222222222,0.9,0.6,0.38,0.9506008010680908,0.6666666666666666,0.8916666666666667,0.84600039728268,0.9249919190407039,0.5833333333333334,0.9640804597701149,0.6607142857142857,752,0.628099173553719,0.6285714285714286,0.7086614173228346,0.7401574803149606,0.6
