ID,Metodo,Backbone,Input,Aug,Epocas,Params,s_epoc,F1_val,F1_test,BalAcc,f1_cbb,f1_cbsd,f1_cgm,f1_cmd,f1_healthy
E1,transfer learning (cabeza),mobilenetv2_100,224.0,no,16.0,2230277,65.9,0.615210325811482,0.594474156099122,0.6,0.5471698113207547,0.5739130434782609,0.5882352941176471,0.6710526315789473,0.592
E2,transfer learning (cabeza),mobilenetv2_100,224.0,si,16.0,2230277,57.2,0.5853601347392207,0.5761077672845591,0.5866666666666667,0.6194690265486725,0.4318181818181818,0.5882352941176471,0.6620689655172414,0.5789473684210527
E3,transfer learning (cabeza),tf_efficientnet_b7.ra_in1k,600.0,no,7.0,63799765,626.9,0.6551175870582718,0.6267074358558187,0.6366666666666666,0.5161290322580645,0.5950413223140496,0.672566371681416,0.7671232876712328,0.5826771653543307
E4,transfer learning (cabeza),tf_efficientnet_b7.ra_in1k,600.0,si,12.0,63799765,650.1,0.6454668595531413,0.6482465674387676,0.6566666666666666,0.5252525252525253,0.6106870229007634,0.7058823529411765,0.8029197080291971,0.5964912280701754
E5a,E1 (antes FT),mobilenetv2_100,224.0,no,16.0,2230277,65.9,0.615210325811482,0.594474156099122,0.6,0.5471698113207547,0.5739130434782609,0.5882352941176471,0.6710526315789473,0.592
E5b,MV2 fine-tuning (despues),mobilenetv2_100,224.0,no,6.0,1743744,45.3,0.6875158585483238,0.6188970015819881,0.6266666666666666,0.6037735849056604,0.6557377049180327,0.5625,0.6962025316455697,0.576271186440678
E6_mobilenetv2,RandomForest,mobilenetv2_100,,-,,500,,0.35373268606830577,0.2942121338307899,0.3466666666666667,0.2631578947368421,0.43956043956043955,0.0,0.4068965517241379,0.3614457831325301
E7_mobilenetv2,SVM RBF,mobilenetv2_100,,-,,2813,,0.6204365533506454,0.5623232389989066,0.5766666666666668,0.41379310344827586,0.5645161290322581,0.5631067961165048,0.6802721088435374,0.5899280575539568
E8_mobilenetv2,XGBoost,mobilenetv2_100,,-,,300,,0.5891536382242386,0.5295476234292024,0.54,0.5263157894736842,0.5714285714285714,0.4835164835164835,0.59375,0.4727272727272727
E9_mobilenetv2,MLP (red sobre embeddings),mobilenetv2_100,,-,,329221,,0.6501899960766228,0.5628739966311864,0.5700000000000001,0.5742574257425742,0.5523809523809524,0.54,0.6395348837209303,0.5081967213114754
E6_efficientnet,RandomForest,tf_efficientnet_b7.ra_in1k,,-,,500,,0.44337991182212083,0.3342046993229789,0.3866666666666667,0.37333333333333335,0.5,0.03225806451612903,0.4444444444444444,0.32098765432098764
E7_efficientnet,SVM RBF,tf_efficientnet_b7.ra_in1k,,-,,2412,,0.6370498107250236,0.5836723550573308,0.5933333333333334,0.5473684210526316,0.5254237288135594,0.6041666666666666,0.6820809248554913,0.559322033898305
E8_efficientnet,XGBoost,tf_efficientnet_b7.ra_in1k,,-,,300,,0.6362148873689486,0.5669226844773515,0.5800000000000001,0.574468085106383,0.5344827586206896,0.5111111111111111,0.6779661016949152,0.5365853658536586
E9_efficientnet,MLP (red sobre embeddings),tf_efficientnet_b7.ra_in1k,,-,,656901,,0.6692756006465401,0.6147782266217922,0.6233333333333333,0.5849056603773585,0.5210084033613446,0.6538461538461539,0.7763157894736842,0.5378151260504201
