seccion,ID,Metodo,Aug,Epocas,F1_val,F1_test,ROC_AUC,Params_entrenables,s_epoc,BalAcc,PR_AUC,IC95_lo,IC95_hi,costo_realizado_argmax,costo_esperado_argmax,costo_realizado_min_riesgo,costo_esperado_min_riesgo,cambia_decisiones,Input,Params_totales,Complejidad_modelo_clasico,MB_ckpt,ms_img_batch1,ms_img_batch32,GFLOPs,T,ECE_val_antes,ECE_val_despues,ECE_test_antes,ECE_test_despues,tau,cobertura,precision,f1_aceptadas,costo,set,modelo,tipo,severidad,f1_macro,balanced_acc,embeddings,baseline_mayoria,acc_train,acc_val,acc_test,n_2019_test,n_2020_test,pct_area_hoja_promedio,lime_imp_dentro_hoja_real,lime_imp_dentro_hoja_pred,gradcam_imp_dentro_hoja_real,gradcam_imp_dentro_hoja_pred,image_id,clase_real,fuente,predicha,prob_real,prob_pred,acierto,pct_area_hoja,imp_dentro_hoja_real,imp_dentro_hoja_pred,clase,imp_dentro_hoja,comparacion,delta_f1,significativo
01_fine_tuning,E1 (v1),"backbone congelado, cabeza lineal @224",no,1.0,0.13,0.11666666666666665,,2230277.0,7.1,,,,,,,,,,,,,,,,,,,,,,,,,,,,,,,,,,,,,,,,,,,,,,,,,,,,,,,,,,,
01_fine_tuning,FT_noaug,FT MobileNetV2 completo (sin aug),no,1.0,0.18333333333333332,0.19714285714285715,,2230277.0,28.2,,,,,,,,,,,,,,,,,,,,,,,,,,,,,,,,,,,,,,,,,,,,,,,,,,,,,,,,,,,
01_fine_tuning,FT_aug,FT MobileNetV2 completo (con aug),si,1.0,0.11272727272727275,0.2654761904761905,,2230277.0,8.0,,,,,,,,,,,,,,,,,,,,,,,,,,,,,,,,,,,,,,,,,,,,,,,,,,,,,,,,,,,
02_clasicos_embeddings,E7_mv2,SVM RBF,,,0.26349206349206344,0.36153846153846153,,,,0.4,,,,,,,,,,,,,,,,,,,,,,,,,,,,,,,,,,,,,,,,,,,,,,,,,,,,,,,,,,
02_clasicos_embeddings,E6_mv2,RandomForest,,,0.5752380952380951,0.3580952380952381,,,,0.35,,,,,,,,,,,,,,,,,,,,,,,,,,,,,,,,,,,,,,,,,,,,,,,,,,,,,,,,,,
02_clasicos_embeddings,E9_b7,MLP (red sobre embeddings),,,0.4565079365079365,0.3445054945054945,,,,0.4,,,,,,,,,,,,,,,,,,,,,,,,,,,,,,,,,,,,,,,,,,,,,,,,,,,,,,,,,,
02_clasicos_embeddings,LIN_b7,Linear probe (logistic reg. sobre embeddings),,,0.5108225108225108,0.3425685425685426,,,,0.35,,,,,,,,,,,,,,,,,,,,,,,,,,,,,,,,,,,,,,,,,,,,,,,,,,,,,,,,,,
02_clasicos_embeddings,E6_b7,RandomForest,,,0.5924242424242424,0.32051948051948054,,,,0.35,,,,,,,,,,,,,,,,,,,,,,,,,,,,,,,,,,,,,,,,,,,,,,,,,,,,,,,,,,
02_clasicos_embeddings,E8_mv2,XGBoost,,,0.4119047619047619,0.26534798534798537,,,,0.3,,,,,,,,,,,,,,,,,,,,,,,,,,,,,,,,,,,,,,,,,,,,,,,,,,,,,,,,,,
02_clasicos_embeddings,E9_mv2,MLP (red sobre embeddings),,,0.5561904761904761,0.2571428571428571,,,,0.3,,,,,,,,,,,,,,,,,,,,,,,,,,,,,,,,,,,,,,,,,,,,,,,,,,,,,,,,,,
02_clasicos_embeddings,E7_b7,SVM RBF,,,0.4871428571428571,0.24666666666666667,,,,0.25,,,,,,,,,,,,,,,,,,,,,,,,,,,,,,,,,,,,,,,,,,,,,,,,,,,,,,,,,,
02_clasicos_embeddings,LIN_mv2,Linear probe (logistic reg. sobre embeddings),,,0.36,0.23868131868131867,,,,0.25,,,,,,,,,,,,,,,,,,,,,,,,,,,,,,,,,,,,,,,,,,,,,,,,,,,,,,,,,,
02_clasicos_embeddings,E8_b7,XGBoost,,,0.27714285714285714,0.15457875457875456,,,,0.15,,,,,,,,,,,,,,,,,,,,,,,,,,,,,,,,,,,,,,,,,,,,,,,,,,,,,,,,,,
03_ic_bootstrap,E7_mv2,,,,,0.36153846153846153,,,,,,0.1506,0.5168,,,,,,,,,,,,,,,,,,,,,,,,,,,,,,,,,,,,,,,,,,,,,,,,,,,,,,,
03_ic_bootstrap,E6_mv2,,,,,0.3580952380952381,,,,,,0.1531,0.5534,,,,,,,,,,,,,,,,,,,,,,,,,,,,,,,,,,,,,,,,,,,,,,,,,,,,,,,
03_ic_bootstrap,E9_b7,,,,,0.3445054945054945,,,,,,0.1428,0.5208,,,,,,,,,,,,,,,,,,,,,,,,,,,,,,,,,,,,,,,,,,,,,,,,,,,,,,,
03_ic_bootstrap,LIN_b7,,,,,0.3425685425685426,,,,,,0.1343,0.4999,,,,,,,,,,,,,,,,,,,,,,,,,,,,,,,,,,,,,,,,,,,,,,,,,,,,,,,
03_ic_bootstrap,E6_b7,,,,,0.32051948051948054,,,,,,0.1331,0.4984,,,,,,,,,,,,,,,,,,,,,,,,,,,,,,,,,,,,,,,,,,,,,,,,,,,,,,,
03_ic_bootstrap,FT_aug,,,,,0.2654761904761905,,,,,,0.0868,0.4134,,,,,,,,,,,,,,,,,,,,,,,,,,,,,,,,,,,,,,,,,,,,,,,,,,,,,,,
03_ic_bootstrap,E8_mv2,,,,,0.26534798534798537,,,,,,0.0887,0.4304,,,,,,,,,,,,,,,,,,,,,,,,,,,,,,,,,,,,,,,,,,,,,,,,,,,,,,,
03_ic_bootstrap,E9_mv2,,,,,0.2571428571428571,,,,,,0.0749,0.3884,,,,,,,,,,,,,,,,,,,,,,,,,,,,,,,,,,,,,,,,,,,,,,,,,,,,,,,
03_ic_bootstrap,E7_b7,,,,,0.24666666666666667,,,,,,0.0971,0.38,,,,,,,,,,,,,,,,,,,,,,,,,,,,,,,,,,,,,,,,,,,,,,,,,,,,,,,
03_ic_bootstrap,LIN_mv2,,,,,0.23868131868131867,,,,,,0.0665,0.4172,,,,,,,,,,,,,,,,,,,,,,,,,,,,,,,,,,,,,,,,,,,,,,,,,,,,,,,
03_ic_bootstrap,FT_noaug,,,,,0.19714285714285715,,,,,,0.0399,0.3089,,,,,,,,,,,,,,,,,,,,,,,,,,,,,,,,,,,,,,,,,,,,,,,,,,,,,,,
03_ic_bootstrap,E8_b7,,,,,0.15457875457875456,,,,,,0.0217,0.2786,,,,,,,,,,,,,,,,,,,,,,,,,,,,,,,,,,,,,,,,,,,,,,,,,,,,,,,
03_ic_bootstrap,E1 (v1),,,,,0.11666666666666665,,,,,,0.0,0.2206,,,,,,,,,,,,,,,,,,,,,,,,,,,,,,,,,,,,,,,,,,,,,,,,,,,,,,,
04_costos_decision,FT_noaug,,,,,0.19714285714285715,,,,,,,,1.6,1.6088466000000001,1.3,1.3577225000000004,2.0,,,,,,,,,,,,,,,,,,,,,,,,,,,,,,,,,,,,,,,,,,,,,,,,,,
04_costos_decision,FT_aug,,,,,0.2654761904761905,,,,,,,,1.35,1.4854998,1.2,1.36012995,1.0,,,,,,,,,,,,,,,,,,,,,,,,,,,,,,,,,,,,,,,,,,,,,,,,,,
04_costos_decision,E1 (v1),,,,,0.11666666666666665,,,,,,,,1.5,,,,,,,,,,,,,,,,,,,,,,,,,,,,,,,,,,,,,,,,,,,,,,,,,,,,,,
04_costos_decision,LIN_mv2,,,,,0.23868131868131867,,,,,,,,1.65,0.7894459428498521,1.3,0.6537453972967342,3.0,,,,,,,,,,,,,,,,,,,,,,,,,,,,,,,,,,,,,,,,,,,,,,,,,,
04_costos_decision,LIN_b7,,,,,0.3425685425685426,,,,,,,,1.65,1.0069409605199326,1.45,0.7097105057317095,4.0,,,,,,,,,,,,,,,,,,,,,,,,,,,,,,,,,,,,,,,,,,,,,,,,,,
04_costos_decision,E6_mv2,,,,,0.3580952380952381,,,,,,,,1.8,1.9034000000000002,1.2,1.231,6.0,,,,,,,,,,,,,,,,,,,,,,,,,,,,,,,,,,,,,,,,,,,,,,,,,,
04_costos_decision,E7_mv2,,,,,0.36153846153846153,,,,,,,,1.4,2.04821365,1.4,1.2363559000000002,20.0,,,,,,,,,,,,,,,,,,,,,,,,,,,,,,,,,,,,,,,,,,,,,,,,,,
04_costos_decision,E6_b7,,,,,0.32051948051948054,,,,,,,,1.85,1.9795000000000003,1.3,1.2019,7.0,,,,,,,,,,,,,,,,,,,,,,,,,,,,,,,,,,,,,,,,,,,,,,,,,,
04_costos_decision,E7_b7,,,,,0.24666666666666667,,,,,,,,1.7,1.7968131500000002,1.5,1.2036216999999998,18.0,,,,,,,,,,,,,,,,,,,,,,,,,,,,,,,,,,,,,,,,,,,,,,,,,,
04_costos_decision,E8_mv2,,,,,0.26534798534798537,,,,,,,,1.9,1.1892357904464006,1.1,0.7885066444985569,6.0,,,,,,,,,,,,,,,,,,,,,,,,,,,,,,,,,,,,,,,,,,,,,,,,,,
04_costos_decision,E9_mv2,,,,,0.2571428571428571,,,,,,,,1.45,1.596397254616022,1.4,1.2418411530554294,3.0,,,,,,,,,,,,,,,,,,,,,,,,,,,,,,,,,,,,,,,,,,,,,,,,,,
04_costos_decision,E8_b7,,,,,0.15457875457875456,,,,,,,,1.7,0.8402295521460473,1.6,0.7881036521866918,2.0,,,,,,,,,,,,,,,,,,,,,,,,,,,,,,,,,,,,,,,,,,,,,,,,,,
04_costos_decision,E9_b7,,,,,0.3445054945054945,,,,,,,,1.95,1.8449586035683752,1.3,1.1211281541734934,9.0,,,,,,,,,,,,,,,,,,,,,,,,,,,,,,,,,,,,,,,,,,,,,,,,,,
05_costo_computacional,FT_noaug,FT MobileNetV2 completo (sin aug),,,,,,2230277.0,,,,,,,,,,,384.0,2230277.0,,9.16,14.65,74.253,0.88,,,,,,,,,,,,,,,,,,,,,,,,,,,,,,,,,,,,,,,,,,,
05_costo_computacional,FT_aug,FT MobileNetV2 completo (con aug),,,,,,2230277.0,,,,,,,,,,,384.0,2230277.0,,9.16,12.753,74.236,0.88,,,,,,,,,,,,,,,,,,,,,,,,,,,,,,,,,,,,,,,,,,,
05_costo_computacional,E1 (v1),backbone congelado (cabeza lineal),,,,,,6405.0,,,,,,,,,,,224.0,2230277.0,,9.15,,,,,,,,,,,,,,,,,,,,,,,,,,,,,,,,,,,,,,,,,,,,,,
06_calibracion,FT_noaug,,,,,,,,,,,,,,,,,,,,,,,,,0.481,0.0225,0.0871,0.0259,0.0314,,,,,,,,,,,,,,,,,,,,,,,,,,,,,,,,,,,,,,
06_calibracion,FT_aug,,,,,,,,,,,,,,,,,,,,,,,,,0.568,0.0744,0.1619,0.0723,0.0817,,,,,,,,,,,,,,,,,,,,,,,,,,,,,,,,,,,,,,
07_abstencion_val,,,,,,,,,,,,,,,,,,,,,,,,,,,,,,,0.0,1.0,0.2,0.1833,2.15,val,,,,,,,,,,,,,,,,,,,,,,,,,,,,,,,,
07_abstencion_val,,,,,,,,,,,,,,,,,,,,,,,,,,,,,,,0.05,1.0,0.2,0.1833,2.15,val,,,,,,,,,,,,,,,,,,,,,,,,,,,,,,,,
07_abstencion_val,,,,,,,,,,,,,,,,,,,,,,,,,,,,,,,0.1,1.0,0.2,0.1833,2.15,val,,,,,,,,,,,,,,,,,,,,,,,,,,,,,,,,
07_abstencion_val,,,,,,,,,,,,,,,,,,,,,,,,,,,,,,,0.15,1.0,0.2,0.1833,2.15,val,,,,,,,,,,,,,,,,,,,,,,,,,,,,,,,,
07_abstencion_val,,,,,,,,,,,,,,,,,,,,,,,,,,,,,,,0.2,1.0,0.2,0.1833,2.15,val,,,,,,,,,,,,,,,,,,,,,,,,,,,,,,,,
07_abstencion_val,,,,,,,,,,,,,,,,,,,,,,,,,,,,,,,0.25,0.0,,,,val,,,,,,,,,,,,,,,,,,,,,,,,,,,,,,,,
07_abstencion_val,,,,,,,,,,,,,,,,,,,,,,,,,,,,,,,0.30000000000000004,0.0,,,,val,,,,,,,,,,,,,,,,,,,,,,,,,,,,,,,,
07_abstencion_val,,,,,,,,,,,,,,,,,,,,,,,,,,,,,,,0.35000000000000003,0.0,,,,val,,,,,,,,,,,,,,,,,,,,,,,,,,,,,,,,
07_abstencion_val,,,,,,,,,,,,,,,,,,,,,,,,,,,,,,,0.4,0.0,,,,val,,,,,,,,,,,,,,,,,,,,,,,,,,,,,,,,
07_abstencion_val,,,,,,,,,,,,,,,,,,,,,,,,,,,,,,,0.45,0.0,,,,val,,,,,,,,,,,,,,,,,,,,,,,,,,,,,,,,
07_abstencion_val,,,,,,,,,,,,,,,,,,,,,,,,,,,,,,,0.5,0.0,,,,val,,,,,,,,,,,,,,,,,,,,,,,,,,,,,,,,
07_abstencion_val,,,,,,,,,,,,,,,,,,,,,,,,,,,,,,,0.55,0.0,,,,val,,,,,,,,,,,,,,,,,,,,,,,,,,,,,,,,
07_abstencion_val,,,,,,,,,,,,,,,,,,,,,,,,,,,,,,,0.6000000000000001,0.0,,,,val,,,,,,,,,,,,,,,,,,,,,,,,,,,,,,,,
07_abstencion_val,,,,,,,,,,,,,,,,,,,,,,,,,,,,,,,0.65,0.0,,,,val,,,,,,,,,,,,,,,,,,,,,,,,,,,,,,,,
07_abstencion_val,,,,,,,,,,,,,,,,,,,,,,,,,,,,,,,0.7000000000000001,0.0,,,,val,,,,,,,,,,,,,,,,,,,,,,,,,,,,,,,,
07_abstencion_val,,,,,,,,,,,,,,,,,,,,,,,,,,,,,,,0.75,0.0,,,,val,,,,,,,,,,,,,,,,,,,,,,,,,,,,,,,,
07_abstencion_val,,,,,,,,,,,,,,,,,,,,,,,,,,,,,,,0.8,0.0,,,,val,,,,,,,,,,,,,,,,,,,,,,,,,,,,,,,,
07_abstencion_val,,,,,,,,,,,,,,,,,,,,,,,,,,,,,,,0.8500000000000001,0.0,,,,val,,,,,,,,,,,,,,,,,,,,,,,,,,,,,,,,
07_abstencion_val,,,,,,,,,,,,,,,,,,,,,,,,,,,,,,,0.9,0.0,,,,val,,,,,,,,,,,,,,,,,,,,,,,,,,,,,,,,
07_abstencion_val,,,,,,,,,,,,,,,,,,,,,,,,,,,,,,,0.9500000000000001,0.0,,,,val,,,,,,,,,,,,,,,,,,,,,,,,,,,,,,,,
07_abstencion_test,,,,,,,,,,,,,,,,,,,,,,,,,,,,,,,0.0,1.0,0.25,0.1971,1.6,test,,,,,,,,,,,,,,,,,,,,,,,,,,,,,,,,
07_abstencion_test,,,,,,,,,,,,,,,,,,,,,,,,,,,,,,,0.05,1.0,0.25,0.1971,1.6,test,,,,,,,,,,,,,,,,,,,,,,,,,,,,,,,,
07_abstencion_test,,,,,,,,,,,,,,,,,,,,,,,,,,,,,,,0.1,1.0,0.25,0.1971,1.6,test,,,,,,,,,,,,,,,,,,,,,,,,,,,,,,,,
07_abstencion_test,,,,,,,,,,,,,,,,,,,,,,,,,,,,,,,0.15,1.0,0.25,0.1971,1.6,test,,,,,,,,,,,,,,,,,,,,,,,,,,,,,,,,
07_abstencion_test,,,,,,,,,,,,,,,,,,,,,,,,,,,,,,,0.2,1.0,0.25,0.1971,1.6,test,,,,,,,,,,,,,,,,,,,,,,,,,,,,,,,,
07_abstencion_test,,,,,,,,,,,,,,,,,,,,,,,,,,,,,,,0.25,0.05,0.0,0.0,2.0,test,,,,,,,,,,,,,,,,,,,,,,,,,,,,,,,,
07_abstencion_test,,,,,,,,,,,,,,,,,,,,,,,,,,,,,,,0.30000000000000004,0.0,,,,test,,,,,,,,,,,,,,,,,,,,,,,,,,,,,,,,
07_abstencion_test,,,,,,,,,,,,,,,,,,,,,,,,,,,,,,,0.35000000000000003,0.0,,,,test,,,,,,,,,,,,,,,,,,,,,,,,,,,,,,,,
07_abstencion_test,,,,,,,,,,,,,,,,,,,,,,,,,,,,,,,0.4,0.0,,,,test,,,,,,,,,,,,,,,,,,,,,,,,,,,,,,,,
07_abstencion_test,,,,,,,,,,,,,,,,,,,,,,,,,,,,,,,0.45,0.0,,,,test,,,,,,,,,,,,,,,,,,,,,,,,,,,,,,,,
07_abstencion_test,,,,,,,,,,,,,,,,,,,,,,,,,,,,,,,0.5,0.0,,,,test,,,,,,,,,,,,,,,,,,,,,,,,,,,,,,,,
07_abstencion_test,,,,,,,,,,,,,,,,,,,,,,,,,,,,,,,0.55,0.0,,,,test,,,,,,,,,,,,,,,,,,,,,,,,,,,,,,,,
07_abstencion_test,,,,,,,,,,,,,,,,,,,,,,,,,,,,,,,0.6000000000000001,0.0,,,,test,,,,,,,,,,,,,,,,,,,,,,,,,,,,,,,,
07_abstencion_test,,,,,,,,,,,,,,,,,,,,,,,,,,,,,,,0.65,0.0,,,,test,,,,,,,,,,,,,,,,,,,,,,,,,,,,,,,,
07_abstencion_test,,,,,,,,,,,,,,,,,,,,,,,,,,,,,,,0.7000000000000001,0.0,,,,test,,,,,,,,,,,,,,,,,,,,,,,,,,,,,,,,
07_abstencion_test,,,,,,,,,,,,,,,,,,,,,,,,,,,,,,,0.75,0.0,,,,test,,,,,,,,,,,,,,,,,,,,,,,,,,,,,,,,
07_abstencion_test,,,,,,,,,,,,,,,,,,,,,,,,,,,,,,,0.8,0.0,,,,test,,,,,,,,,,,,,,,,,,,,,,,,,,,,,,,,
07_abstencion_test,,,,,,,,,,,,,,,,,,,,,,,,,,,,,,,0.8500000000000001,0.0,,,,test,,,,,,,,,,,,,,,,,,,,,,,,,,,,,,,,
07_abstencion_test,,,,,,,,,,,,,,,,,,,,,,,,,,,,,,,0.9,0.0,,,,test,,,,,,,,,,,,,,,,,,,,,,,,,,,,,,,,
07_abstencion_test,,,,,,,,,,,,,,,,,,,,,,,,,,,,,,,0.9500000000000001,0.0,,,,test,,,,,,,,,,,,,,,,,,,,,,,,,,,,,,,,
08_robustez,,,,,,,,,,,,,,,,,,,,,,,,,,,,,,,,,,,,,FT_noaug,blur,0.0,0.19714285714285715,0.25,,,,,,,,,,,,,,,,,,,,,,,,,,,
08_robustez,,,,,,,,,,,,,,,,,,,,,,,,,,,,,,,,,,,,,FT_noaug,blur,3.0,0.06666666666666667,0.1,,,,,,,,,,,,,,,,,,,,,,,,,,,
08_robustez,,,,,,,,,,,,,,,,,,,,,,,,,,,,,,,,,,,,,FT_noaug,ruido,0.0,0.19714285714285715,0.25,,,,,,,,,,,,,,,,,,,,,,,,,,,
08_robustez,,,,,,,,,,,,,,,,,,,,,,,,,,,,,,,,,,,,,FT_noaug,ruido,0.2,0.06,0.15,,,,,,,,,,,,,,,,,,,,,,,,,,,
08_robustez,,,,,,,,,,,,,,,,,,,,,,,,,,,,,,,,,,,,,FT_noaug,brillo,0.0,0.19714285714285715,0.25,,,,,,,,,,,,,,,,,,,,,,,,,,,
08_robustez,,,,,,,,,,,,,,,,,,,,,,,,,,,,,,,,,,,,,FT_noaug,brillo,30.0,0.24848484848484848,0.3,,,,,,,,,,,,,,,,,,,,,,,,,,,
08_robustez,,,,,,,,,,,,,,,,,,,,,,,,,,,,,,,,,,,,,FT_noaug,recorte,1.0,0.19714285714285715,0.25,,,,,,,,,,,,,,,,,,,,,,,,,,,
08_robustez,,,,,,,,,,,,,,,,,,,,,,,,,,,,,,,,,,,,,FT_noaug,recorte,0.7,0.19047619047619047,0.25,,,,,,,,,,,,,,,,,,,,,,,,,,,
08_robustez,,,,,,,,,,,,,,,,,,,,,,,,,,,,,,,,,,,,,FT_aug,blur,0.0,0.2654761904761905,0.3,,,,,,,,,,,,,,,,,,,,,,,,,,,
08_robustez,,,,,,,,,,,,,,,,,,,,,,,,,,,,,,,,,,,,,FT_aug,blur,3.0,0.12444444444444444,0.1,,,,,,,,,,,,,,,,,,,,,,,,,,,
08_robustez,,,,,,,,,,,,,,,,,,,,,,,,,,,,,,,,,,,,,FT_aug,ruido,0.0,0.2654761904761905,0.3,,,,,,,,,,,,,,,,,,,,,,,,,,,
08_robustez,,,,,,,,,,,,,,,,,,,,,,,,,,,,,,,,,,,,,FT_aug,ruido,0.2,0.09210526315789473,0.15,,,,,,,,,,,,,,,,,,,,,,,,,,,
08_robustez,,,,,,,,,,,,,,,,,,,,,,,,,,,,,,,,,,,,,FT_aug,brillo,0.0,0.2654761904761905,0.3,,,,,,,,,,,,,,,,,,,,,,,,,,,
08_robustez,,,,,,,,,,,,,,,,,,,,,,,,,,,,,,,,,,,,,FT_aug,brillo,30.0,0.2692857142857143,0.3,,,,,,,,,,,,,,,,,,,,,,,,,,,
08_robustez,,,,,,,,,,,,,,,,,,,,,,,,,,,,,,,,,,,,,FT_aug,recorte,1.0,0.2654761904761905,0.3,,,,,,,,,,,,,,,,,,,,,,,,,,,
08_robustez,,,,,,,,,,,,,,,,,,,,,,,,,,,,,,,,,,,,,FT_aug,recorte,0.7,0.2803921568627451,0.3,,,,,,,,,,,,,,,,,,,,,,,,,,,
09_limite_source,,,,,,,,,,,,,,,,,,,,,,,,,,,,,,,,,,,,,,,,,,mv2_384,,,,,0.0,20.0,,,,,,,,,,,,,,,,,,,,
09_limite_source,,,,,,,,,,,,,,,,,,,,,,,,,,,,,,,,,,,,,,,,,,b7_600,,,,,0.0,20.0,,,,,,,,,,,,,,,,,,,,
10_lime_resumen,,,,,,,,,,,,,,,,,,,,,,,,,,,,,,,,,,,,,,,,,,,,,,,,,0.58,0.579,0.586,0.566,0.603,,,,,,,,,,,,,,,
11_lime_detalle,,,,,,,,,,,,,,,,,,,,,,,,,,,,,,,,,,,,,FT_noaug,,,,,,,,,,,,,,,,,1258444443.jpg,cbb,2020,cmd,0.194,0.235,False,0.413,0.395,0.449,,,,,
11_lime_detalle,,,,,,,,,,,,,,,,,,,,,,,,,,,,,,,,,,,,,FT_aug,,,,,,,,,,,,,,,,,1258444443.jpg,cbb,2020,cmd,0.192,0.245,False,0.413,0.429,0.441,,,,,
11_lime_detalle,,,,,,,,,,,,,,,,,,,,,,,,,,,,,,,,,,,,,FT_noaug,,,,,,,,,,,,,,,,,1168108889.jpg,cbsd,2020,cbb,0.161,0.222,False,0.436,0.434,0.441,,,,,
11_lime_detalle,,,,,,,,,,,,,,,,,,,,,,,,,,,,,,,,,,,,,FT_aug,,,,,,,,,,,,,,,,,1168108889.jpg,cbsd,2020,cmd,0.169,0.219,False,0.436,0.456,0.445,,,,,
11_lime_detalle,,,,,,,,,,,,,,,,,,,,,,,,,,,,,,,,,,,,,FT_noaug,,,,,,,,,,,,,,,,,1278314475.jpg,cgm,2020,cmd,0.182,0.237,False,0.903,0.908,0.915,,,,,
11_lime_detalle,,,,,,,,,,,,,,,,,,,,,,,,,,,,,,,,,,,,,FT_aug,,,,,,,,,,,,,,,,,1278314475.jpg,cgm,2020,cmd,0.183,0.245,False,0.903,0.892,0.9,,,,,
11_lime_detalle,,,,,,,,,,,,,,,,,,,,,,,,,,,,,,,,,,,,,FT_noaug,,,,,,,,,,,,,,,,,1060007225.jpg,cmd,2020,cbb,0.207,0.212,False,0.234,0.241,0.211,,,,,
11_lime_detalle,,,,,,,,,,,,,,,,,,,,,,,,,,,,,,,,,,,,,FT_aug,,,,,,,,,,,,,,,,,1060007225.jpg,cmd,2020,cmd,0.222,0.222,True,0.234,0.222,0.222,,,,,
11_lime_detalle,,,,,,,,,,,,,,,,,,,,,,,,,,,,,,,,,,,,,FT_noaug,,,,,,,,,,,,,,,,,1216540575.jpg,healthy,2020,cmd,0.199,0.219,False,0.914,0.907,0.909,,,,,
11_lime_detalle,,,,,,,,,,,,,,,,,,,,,,,,,,,,,,,,,,,,,FT_aug,,,,,,,,,,,,,,,,,1216540575.jpg,healthy,2020,cmd,0.188,0.226,False,0.914,0.907,0.924,,,,,
12_gradcam,,,,,,,,,,,,,,,,,,,,,,,,,,,,,,,,,,,,,FT_noaug,real,,,,,,,,,,,,,,,,1258444443.jpg,,,,,,,0.413,,,cbb,0.506,,,
12_gradcam,,,,,,,,,,,,,,,,,,,,,,,,,,,,,,,,,,,,,FT_noaug,predicha,,,,,,,,,,,,,,,,1258444443.jpg,,,,,,,0.413,,,cmd,0.444,,,
12_gradcam,,,,,,,,,,,,,,,,,,,,,,,,,,,,,,,,,,,,,FT_aug,real,,,,,,,,,,,,,,,,1258444443.jpg,,,,,,,0.413,,,cbb,0.443,,,
12_gradcam,,,,,,,,,,,,,,,,,,,,,,,,,,,,,,,,,,,,,FT_aug,predicha,,,,,,,,,,,,,,,,1258444443.jpg,,,,,,,0.413,,,cmd,0.435,,,
12_gradcam,,,,,,,,,,,,,,,,,,,,,,,,,,,,,,,,,,,,,FT_noaug,real,,,,,,,,,,,,,,,,1168108889.jpg,,,,,,,0.436,,,cbsd,0.385,,,
12_gradcam,,,,,,,,,,,,,,,,,,,,,,,,,,,,,,,,,,,,,FT_noaug,predicha,,,,,,,,,,,,,,,,1168108889.jpg,,,,,,,0.436,,,cbb,0.34,,,
12_gradcam,,,,,,,,,,,,,,,,,,,,,,,,,,,,,,,,,,,,,FT_aug,real,,,,,,,,,,,,,,,,1168108889.jpg,,,,,,,0.436,,,cbsd,0.911,,,
12_gradcam,,,,,,,,,,,,,,,,,,,,,,,,,,,,,,,,,,,,,FT_aug,predicha,,,,,,,,,,,,,,,,1168108889.jpg,,,,,,,0.436,,,cmd,0.601,,,
12_gradcam,,,,,,,,,,,,,,,,,,,,,,,,,,,,,,,,,,,,,FT_noaug,real,,,,,,,,,,,,,,,,1278314475.jpg,,,,,,,0.903,,,cgm,,,,
12_gradcam,,,,,,,,,,,,,,,,,,,,,,,,,,,,,,,,,,,,,FT_noaug,predicha,,,,,,,,,,,,,,,,1278314475.jpg,,,,,,,0.903,,,cmd,0.975,,,
12_gradcam,,,,,,,,,,,,,,,,,,,,,,,,,,,,,,,,,,,,,FT_aug,real,,,,,,,,,,,,,,,,1278314475.jpg,,,,,,,0.903,,,cgm,0.986,,,
12_gradcam,,,,,,,,,,,,,,,,,,,,,,,,,,,,,,,,,,,,,FT_aug,predicha,,,,,,,,,,,,,,,,1278314475.jpg,,,,,,,0.903,,,cmd,0.973,,,
12_gradcam,,,,,,,,,,,,,,,,,,,,,,,,,,,,,,,,,,,,,FT_noaug,real,,,,,,,,,,,,,,,,1060007225.jpg,,,,,,,0.234,,,cmd,0.195,,,
12_gradcam,,,,,,,,,,,,,,,,,,,,,,,,,,,,,,,,,,,,,FT_noaug,predicha,,,,,,,,,,,,,,,,1060007225.jpg,,,,,,,0.234,,,cbb,0.206,,,
12_gradcam,,,,,,,,,,,,,,,,,,,,,,,,,,,,,,,,,,,,,FT_aug,real,,,,,,,,,,,,,,,,1060007225.jpg,,,,,,,0.234,,,cmd,0.198,,,
12_gradcam,,,,,,,,,,,,,,,,,,,,,,,,,,,,,,,,,,,,,FT_aug,predicha,,,,,,,,,,,,,,,,1060007225.jpg,,,,,,,0.234,,,cmd,0.198,,,
12_gradcam,,,,,,,,,,,,,,,,,,,,,,,,,,,,,,,,,,,,,FT_noaug,real,,,,,,,,,,,,,,,,1216540575.jpg,,,,,,,0.914,,,healthy,0.906,,,
12_gradcam,,,,,,,,,,,,,,,,,,,,,,,,,,,,,,,,,,,,,FT_noaug,predicha,,,,,,,,,,,,,,,,1216540575.jpg,,,,,,,0.914,,,cmd,0.93,,,
12_gradcam,,,,,,,,,,,,,,,,,,,,,,,,,,,,,,,,,,,,,FT_aug,real,,,,,,,,,,,,,,,,1216540575.jpg,,,,,,,0.914,,,healthy,,,,
12_gradcam,,,,,,,,,,,,,,,,,,,,,,,,,,,,,,,,,,,,,FT_aug,predicha,,,,,,,,,,,,,,,,1216540575.jpg,,,,,,,0.914,,,cmd,0.925,,,
13_bootstrap_diferencias,,,,,,,,,,,,-0.0598,0.2214,,,,,,,,,,,,,,,,,,,,,,,,,,,,,,,,,,,,,,,,,,,,,,,,,,,,,FT_aug -> FT_noaug,0.0646,False
13_bootstrap_diferencias,,,,,,,,,,,,-0.1828,0.0564,,,,,,,,,,,,,,,,,,,,,,,,,,,,,,,,,,,,,,,,,,,,,,,,,,,,,E1 (v1) -> FT_noaug,-0.0673,False
