modelo,tipo,severidad,f1_macro,balanced_acc
FT_noaug,blur,0.0,0.19714285714285715,0.25
FT_noaug,blur,3.0,0.06666666666666667,0.1
FT_noaug,ruido,0.0,0.19714285714285715,0.25
FT_noaug,ruido,0.2,0.06,0.15
FT_noaug,brillo,0.0,0.19714285714285715,0.25
FT_noaug,brillo,30.0,0.24848484848484848,0.3
FT_noaug,recorte,1.0,0.19714285714285715,0.25
FT_noaug,recorte,0.7,0.19047619047619047,0.25
FT_aug,blur,0.0,0.2654761904761905,0.3
FT_aug,blur,3.0,0.12444444444444444,0.1
FT_aug,ruido,0.0,0.2654761904761905,0.3
FT_aug,ruido,0.2,0.09210526315789473,0.15
FT_aug,brillo,0.0,0.2654761904761905,0.3
FT_aug,brillo,30.0,0.2692857142857143,0.3
FT_aug,recorte,1.0,0.2654761904761905,0.3
FT_aug,recorte,0.7,0.2803921568627451,0.3
